com.samsung.shealth.rewards,6266001,5
number_of_streak,start_time,exercise_type,device_type,exercise_session_id,update_time,create_time,source_pkg_name,program_id,title,time_offset,extra_data,deviceuuid,pkg_name,controller_id,end_time,datauuid,is_visible
,,,,,2021-04-10 09:50:07.161,2018-10-09 00:12:32.812,,,LAST_SLEEP_CHECKING_TIME,,,87RAVxanZM,com.sec.android.app.shealth,Sleep.Goal.Temp,2021-04-10 03:00:00.000,7c51ba94-23b9-4693-9f20-6ad50aa64d24,-10000,
,2020-12-28 23:04:29.405,,,,2020-12-29 22:27:34.915,2020-12-28 23:04:29.424,,,goal_activity_reward_goal_achieved,UTC-0300,"{""mIsCompleted"":true,""mValue"":104,""mValue2"":60}",87RAVxanZM,com.sec.android.app.shealth,goal.activity,2020-12-28 23:04:29.405,acf55f73-0afc-49ba-82f4-e8b250ead260,0,
,2020-12-29 02:59:59.999,,,,2020-12-31 23:13:22.371,2020-12-28 23:04:29.447,,,goal_activity_reward_most_active_day,UTC-0300,"{""mIsCompleted"":true,""mValue"":104,""mValue2"":0}",87RAVxanZM,com.sec.android.app.shealth,goal.activity,2020-12-29 02:59:59.999,dee3b73f-8981-4011-9c66-d7d4f1e0f37e,0,
,2020-12-29 22:27:34.882,,,,2020-12-30 22:42:40.092,2020-12-29 22:27:34.924,,,goal_activity_reward_goal_achieved,UTC-0300,"{""mIsCompleted"":false,""mValue"":64,""mValue2"":60}",87RAVxanZM,com.sec.android.app.shealth,goal.activity,2020-12-29 22:27:34.882,665afc28-f409-4102-8ee1-843d23ff9875,0,
,2020-12-30 22:42:40.056,,,,2020-12-31 23:13:22.325,2020-12-30 22:42:40.103,,,goal_activity_reward_goal_achieved,UTC-0300,"{""mIsCompleted"":true,""mValue"":85,""mValue2"":60}",87RAVxanZM,com.sec.android.app.shealth,goal.activity,2020-12-30 22:42:40.056,b6225d69-92ec-442f-80ab-696a50e95571,0,
,2020-12-31 23:13:22.309,,,,2021-01-04 22:56:57.897,2020-12-31 23:13:22.330,,,goal_activity_reward_goal_achieved,UTC-0300,"{""mIsCompleted"":true,""mValue"":144,""mValue2"":60}",87RAVxanZM,com.sec.android.app.shealth,goal.activity,2020-12-31 23:13:22.309,68e880b9-f4d5-4d59-b798-19d65bea7fae,0,
,2021-01-01 02:59:59.999,,,,2021-01-09 23:34:09.957,2020-12-31 23:13:22.374,,,goal_activity_reward_most_active_day,UTC-0300,"{""mIsCompleted"":true,""mValue"":144,""mValue2"":0}",87RAVxanZM,com.sec.android.app.shealth,goal.activity,2021-01-01 02:59:59.999,8e9c7c10-1a74-461a-b355-beaf7e605f6e,0,
,2021-01-04 22:56:57.862,,,,2021-01-06 23:04:07.079,2021-01-04 22:56:57.908,,,goal_activity_reward_goal_achieved,UTC-0300,"{""mIsCompleted"":false,""mValue"":95,""mValue2"":60}",87RAVxanZM,com.sec.android.app.shealth,goal.activity,2021-01-04 22:56:57.862,f097ea87-41b8-40fe-a15f-fd5ab7c68b33,0,
,2021-01-06 23:04:07.057,,,,2021-01-07 23:36:28.855,2021-01-06 23:04:07.094,,,goal_activity_reward_goal_achieved,UTC-0300,"{""mIsCompleted"":false,""mValue"":99,""mValue2"":60}",87RAVxanZM,com.sec.android.app.shealth,goal.activity,2021-01-06 23:04:07.057,f4895b39-0634-4e2d-b240-49ededba1f58,0,
,2021-01-07 23:36:28.839,,,,2021-01-08 23:09:27.304,2021-01-07 23:36:28.861,,,goal_activity_reward_goal_achieved,UTC-0300,"{""mIsCompleted"":false,""mValue"":131,""mValue2"":60}",87RAVxanZM,com.sec.android.app.shealth,goal.activity,2021-01-07 23:36:28.839,d0ea792a-1b8a-4dae-8886-7b2810527e00,0,
,2021-01-08 23:09:27.281,,,,2021-01-09 22:01:39.870,2021-01-08 23:09:27.321,,,goal_activity_reward_goal_achieved,UTC-0300,"{""mIsCompleted"":false,""mValue"":105,""mValue2"":60}",87RAVxanZM,com.sec.android.app.shealth,goal.activity,2021-01-08 23:09:27.281,6ad4ad9b-9add-4826-afbd-97fe438082d3,0,
,2021-01-09 22:01:39.856,,,,2021-01-11 23:07:16.061,2021-01-09 22:01:39.892,,,goal_activity_reward_goal_achieved,UTC-0300,"{""mIsCompleted"":false,""mValue"":153,""mValue2"":60}",87RAVxanZM,com.sec.android.app.shealth,goal.activity,2021-01-09 22:01:39.856,e8fc7b2b-fd16-419f-9f21-138e141f8568,0,
,2021-01-10 01:13:58.952,,,,2021-03-06 21:28:28.764,2021-01-09 23:34:10.039,,,goal_activity_reward_most_active_day,UTC-0300,"{""mIsCompleted"":false,""mValue"":153,""mValue2"":0}",87RAVxanZM,com.sec.android.app.shealth,goal.activity,2021-01-09 23:34:09.689,a826866c-ab16-4652-97c0-cec68946c08d,0,
,2021-01-11 23:07:16.006,,,,2021-01-12 22:54:07.711,2021-01-11 23:07:16.085,,,goal_activity_reward_goal_achieved,UTC-0300,"{""mIsCompleted"":false,""mValue"":102,""mValue2"":60}",87RAVxanZM,com.sec.android.app.shealth,goal.activity,2021-01-11 23:07:16.006,6b217c9d-ccd9-43b2-9a22-900cb1af1ed8,0,
,2021-01-12 22:54:07.698,,,,2021-01-13 23:02:18.143,2021-01-12 22:54:07.717,,,goal_activity_reward_goal_achieved,UTC-0300,"{""mIsCompleted"":false,""mValue"":89,""mValue2"":60}",87RAVxanZM,com.sec.android.app.shealth,goal.activity,2021-01-12 22:54:07.698,176c9e37-9ec2-4980-85d1-66d80a739c8a,0,
,2021-01-13 23:02:18.118,,,,2021-01-15 23:07:29.468,2021-01-13 23:02:18.193,,,goal_activity_reward_goal_achieved,UTC-0300,"{""mIsCompleted"":false,""mValue"":95,""mValue2"":60}",87RAVxanZM,com.sec.android.app.shealth,goal.activity,2021-01-13 23:02:18.118,9941f88e-4ab0-4eef-af0b-de2e8d2a91cd,0,
,2021-01-15 23:07:29.446,,,,2021-01-16 23:03:45.700,2021-01-15 23:07:29.498,,,goal_activity_reward_goal_achieved,UTC-0300,"{""mIsCompleted"":true,""mValue"":98,""mValue2"":60}",87RAVxanZM,com.sec.android.app.shealth,goal.activity,2021-01-15 23:07:29.446,2fd02114-23bf-4782-a417-4dc11195041b,0,
,2021-01-16 23:03:45.680,,,,2021-01-18 22:49:20.156,2021-01-16 23:03:45.705,,,goal_activity_reward_goal_achieved,UTC-0300,"{""mIsCompleted"":false,""mValue"":93,""mValue2"":60}",87RAVxanZM,com.sec.android.app.shealth,goal.activity,2021-01-16 23:03:45.680,e9bd0cd6-11bf-409a-8292-f3ffca673886,0,
,2021-01-18 22:49:20.104,,,,2021-01-19 22:48:57.603,2021-01-18 22:49:20.194,,,goal_activity_reward_goal_achieved,UTC-0300,"{""mIsCompleted"":false,""mValue"":84,""mValue2"":60}",87RAVxanZM,com.sec.android.app.shealth,goal.activity,2021-01-18 22:49:20.104,17a93f15-4022-475d-b803-77351b3c9555,0,
,2021-01-19 22:48:57.573,,,,2021-01-21 22:49:50.029,2021-01-19 22:48:57.616,,,goal_activity_reward_goal_achieved,UTC-0300,"{""mIsCompleted"":false,""mValue"":87,""mValue2"":60}",87RAVxanZM,com.sec.android.app.shealth,goal.activity,2021-01-19 22:48:57.573,1063b99a-fe1e-466c-b830-6bda4d2876c0,0,
,2021-01-21 22:49:49.995,,,,2021-01-23 23:02:19.002,2021-01-21 22:49:50.040,,,goal_activity_reward_goal_achieved,UTC-0300,"{""mIsCompleted"":false,""mValue"":82,""mValue2"":60}",87RAVxanZM,com.sec.android.app.shealth,goal.activity,2021-01-21 22:49:49.995,b14b055e-6713-46cf-bc07-461b83f5b4a0,0,
,2021-01-23 23:02:18.974,,,,2021-01-25 21:29:19.387,2021-01-23 23:02:19.016,,,goal_activity_reward_goal_achieved,UTC-0300,"{""mIsCompleted"":true,""mValue"":90,""mValue2"":60}",87RAVxanZM,com.sec.android.app.shealth,goal.activity,2021-01-23 23:02:18.974,9b52ddd5-2105-4cab-aff9-2e2c659a4c7a,0,
,2021-01-25 02:59:59.999,,,,2021-01-25 23:06:40.822,2021-01-25 21:29:19.423,,,goal_activity_reward_goal_achieved,UTC-0300,"{""mIsCompleted"":true,""mValue"":64,""mValue2"":60}",87RAVxanZM,com.sec.android.app.shealth,goal.activity,2021-01-25 02:59:59.999,0317e8aa-f17d-4e7a-acf2-4f76e36b76fc,0,
,2021-01-25 23:06:40.799,,,,2021-01-26 22:55:20.220,2021-01-25 23:06:40.862,,,goal_activity_reward_goal_achieved,UTC-0300,"{""mIsCompleted"":false,""mValue"":98,""mValue2"":60}",87RAVxanZM,com.sec.android.app.shealth,goal.activity,2021-01-25 23:06:40.799,0ffd3082-9749-467a-ad89-fb17e998923e,0,
,2021-01-26 22:55:20.189,,,,2021-01-27 22:49:03.133,2021-01-26 22:55:20.250,,,goal_activity_reward_goal_achieved,UTC-0300,"{""mIsCompleted"":true,""mValue"":91,""mValue2"":60}",87RAVxanZM,com.sec.android.app.shealth,goal.activity,2021-01-26 22:55:20.189,fed5cfb9-8868-4453-bb89-69f6de5e1d85,0,
,2021-01-28 23:04:16.806,,,,2021-01-29 22:50:14.268,2021-01-28 23:04:16.853,,,goal_activity_reward_goal_achieved,UTC-0300,"{""mIsCompleted"":false,""mValue"":103,""mValue2"":60}",87RAVxanZM,com.sec.android.app.shealth,goal.activity,2021-01-28 23:04:16.806,43772f55-9093-4d93-aac3-ac48a6fca07b,0,
,2021-01-29 22:50:14.247,,,,2021-01-30 23:24:48.348,2021-01-29 22:50:14.280,,,goal_activity_reward_goal_achieved,UTC-0300,"{""mIsCompleted"":true,""mValue"":90,""mValue2"":60}",87RAVxanZM,com.sec.android.app.shealth,goal.activity,2021-01-29 22:50:14.247,ad50f5ad-4be7-4914-8922-be8ef02b6cbb,0,
,2021-01-30 23:24:48.326,,,,2021-02-01 23:02:15.017,2021-01-30 23:24:48.350,,,goal_activity_reward_goal_achieved,UTC-0300,"{""mIsCompleted"":false,""mValue"":146,""mValue2"":60}",87RAVxanZM,com.sec.android.app.shealth,goal.activity,2021-01-30 23:24:48.326,85417171-77e0-4d4f-b373-c87a98a9b101,0,
,2021-02-01 23:02:15.000,,,,2021-02-03 23:05:51.435,2021-02-01 23:02:15.018,,,goal_activity_reward_goal_achieved,UTC-0300,"{""mIsCompleted"":false,""mValue"":93,""mValue2"":60}",87RAVxanZM,com.sec.android.app.shealth,goal.activity,2021-02-01 23:02:15.000,65d77c8e-5de2-45a9-ac02-54f6a78ce7c7,0,
,2021-02-03 23:05:51.403,,,,2021-02-04 22:58:50.042,2021-02-03 23:05:51.440,,,goal_activity_reward_goal_achieved,UTC-0300,"{""mIsCompleted"":false,""mValue"":98,""mValue2"":60}",87RAVxanZM,com.sec.android.app.shealth,goal.activity,2021-02-03 23:05:51.403,ab5481a2-9a48-4444-9c01-9724eb427c61,0,
,2021-02-04 22:58:50.010,,,,2021-02-05 22:55:15.239,2021-02-04 22:58:50.045,,,goal_activity_reward_goal_achieved,UTC-0300,"{""mIsCompleted"":false,""mValue"":94,""mValue2"":60}",87RAVxanZM,com.sec.android.app.shealth,goal.activity,2021-02-04 22:58:50.010,472fea37-4497-4aed-b061-da9d8d4fe51d,0,
,2021-02-05 22:55:15.210,,,,2021-02-08 23:06:35.605,2021-02-05 22:55:15.241,,,goal_activity_reward_goal_achieved,UTC-0300,"{""mIsCompleted"":true,""mValue"":94,""mValue2"":60}",87RAVxanZM,com.sec.android.app.shealth,goal.activity,2021-02-05 22:55:15.210,f6448b9d-5ad6-42f4-ac46-f94e78561fe6,0,
,2021-02-08 23:06:35.590,,,,2021-02-09 22:59:39.194,2021-02-08 23:06:35.607,,,goal_activity_reward_goal_achieved,UTC-0300,"{""mIsCompleted"":false,""mValue"":102,""mValue2"":60}",87RAVxanZM,com.sec.android.app.shealth,goal.activity,2021-02-08 23:06:35.590,747c9f24-020c-45fd-a56f-43dac8e349e7,0,
,2021-02-09 22:59:39.179,,,,2021-02-10 23:14:28.964,2021-02-09 22:59:39.203,,,goal_activity_reward_goal_achieved,UTC-0300,"{""mIsCompleted"":true,""mValue"":96,""mValue2"":60}",87RAVxanZM,com.sec.android.app.shealth,goal.activity,2021-02-09 22:59:39.179,5acd7c90-ab14-4ccc-9293-8c3eb1f2b88e,0,
,2021-02-10 23:14:28.952,,,,2021-02-11 22:53:11.151,2021-02-10 23:14:28.967,,,goal_activity_reward_goal_achieved,UTC-0300,"{""mIsCompleted"":false,""mValue"":109,""mValue2"":60}",87RAVxanZM,com.sec.android.app.shealth,goal.activity,2021-02-10 23:14:28.952,0f221e12-8b91-444e-9f74-53b0a1a17b69,0,
,2021-02-11 22:53:11.129,,,,2021-02-12 23:02:31.459,2021-02-11 22:53:11.152,,,goal_activity_reward_goal_achieved,UTC-0300,"{""mIsCompleted"":false,""mValue"":93,""mValue2"":60}",87RAVxanZM,com.sec.android.app.shealth,goal.activity,2021-02-11 22:53:11.129,e79ac242-5117-4028-87a3-25ee39e20388,0,
,2021-02-12 23:02:31.439,,,,2021-02-14 19:24:50.761,2021-02-12 23:02:31.461,,,goal_activity_reward_goal_achieved,UTC-0300,"{""mIsCompleted"":false,""mValue"":98,""mValue2"":60}",87RAVxanZM,com.sec.android.app.shealth,goal.activity,2021-02-12 23:02:31.439,f4a272dc-4ae9-4907-a375-c6f7eccb3a94,0,
,2021-02-14 19:24:50.699,,,,2021-02-15 23:10:46.895,2021-02-14 19:24:50.774,,,goal_activity_reward_goal_achieved,UTC-0300,"{""mIsCompleted"":true,""mValue"":80,""mValue2"":60}",87RAVxanZM,com.sec.android.app.shealth,goal.activity,2021-02-14 19:24:50.699,668484cb-cd1a-4707-9765-3b5e823ceab9,0,
,2021-02-15 23:10:46.881,,,,2021-02-16 22:59:33.370,2021-02-15 23:10:46.897,,,goal_activity_reward_goal_achieved,UTC-0300,"{""mIsCompleted"":false,""mValue"":108,""mValue2"":60}",87RAVxanZM,com.sec.android.app.shealth,goal.activity,2021-02-15 23:10:46.881,fc9696ec-0698-4175-9e8c-230c0473f648,0,
,2021-02-16 22:59:33.343,,,,2021-02-17 23:10:10.795,2021-02-16 22:59:33.376,,,goal_activity_reward_goal_achieved,UTC-0300,"{""mIsCompleted"":false,""mValue"":95,""mValue2"":60}",87RAVxanZM,com.sec.android.app.shealth,goal.activity,2021-02-16 22:59:33.343,4f5728f6-43cf-4a48-876d-861e85426cd4,0,
,2021-02-17 23:10:10.749,,,,2021-02-18 23:08:41.931,2021-02-17 23:10:10.867,,,goal_activity_reward_goal_achieved,UTC-0300,"{""mIsCompleted"":false,""mValue"":109,""mValue2"":60}",87RAVxanZM,com.sec.android.app.shealth,goal.activity,2021-02-17 23:10:10.749,08d85fd1-e235-4c94-82b6-f73dc432e67d,0,
,2021-02-18 23:08:41.893,,,,2021-02-19 23:07:00.485,2021-02-18 23:08:42.014,,,goal_activity_reward_goal_achieved,UTC-0300,"{""mIsCompleted"":false,""mValue"":107,""mValue2"":60}",87RAVxanZM,com.sec.android.app.shealth,goal.activity,2021-02-18 23:08:41.893,dc538ff6-3682-420c-93ab-384d63b220d7,0,
,2021-02-19 23:07:00.464,,,,2021-02-22 23:00:41.866,2021-02-19 23:07:00.651,,,goal_activity_reward_goal_achieved,UTC-0300,"{""mIsCompleted"":false,""mValue"":99,""mValue2"":60}",87RAVxanZM,com.sec.android.app.shealth,goal.activity,2021-02-19 23:07:00.464,826e9a6e-b33f-4a94-a720-9c446dae21b4,0,
,2021-02-22 23:00:41.780,,,,2021-02-23 23:01:38.314,2021-02-22 23:00:41.887,,,goal_activity_reward_goal_achieved,UTC-0300,"{""mIsCompleted"":true,""mValue"":102,""mValue2"":60}",87RAVxanZM,com.sec.android.app.shealth,goal.activity,2021-02-22 23:00:41.780,4e348e7f-0e85-4f4d-bade-cc11064edb67,0,
,2021-02-23 23:01:38.285,,,,2021-02-24 23:07:02.175,2021-02-23 23:01:38.317,,,goal_activity_reward_goal_achieved,UTC-0300,"{""mIsCompleted"":false,""mValue"":100,""mValue2"":60}",87RAVxanZM,com.sec.android.app.shealth,goal.activity,2021-02-23 23:01:38.285,fb25ff56-7a72-43f7-a2cc-634e2c190544,0,
,2021-02-24 23:07:02.159,,,,2021-02-25 22:59:32.813,2021-02-24 23:07:02.176,,,goal_activity_reward_goal_achieved,UTC-0300,"{""mIsCompleted"":true,""mValue"":101,""mValue2"":60}",87RAVxanZM,com.sec.android.app.shealth,goal.activity,2021-02-24 23:07:02.159,acd51492-8a61-4765-bb3e-4baa3aeac427,0,
,2021-02-25 22:59:32.769,,,,2021-02-27 23:19:02.041,2021-02-25 22:59:32.836,,,goal_activity_reward_goal_achieved,UTC-0300,"{""mIsCompleted"":true,""mValue"":102,""mValue2"":60}",87RAVxanZM,com.sec.android.app.shealth,goal.activity,2021-02-25 22:59:32.769,e9ac93a1-4e4c-4cf8-89f3-c83b829db9ba,0,
,2021-02-27 23:19:02.008,,,,2021-03-01 23:06:51.847,2021-02-27 23:19:02.047,,,goal_activity_reward_goal_achieved,UTC-0300,"{""mIsCompleted"":false,""mValue"":108,""mValue2"":60}",87RAVxanZM,com.sec.android.app.shealth,goal.activity,2021-02-27 23:19:02.008,6eba2ceb-627d-48ba-8560-deea3f702422,0,
,2021-03-01 23:06:51.822,,,,2021-03-02 22:47:41.905,2021-03-01 23:06:51.850,,,goal_activity_reward_goal_achieved,UTC-0300,"{""mIsCompleted"":false,""mValue"":104,""mValue2"":60}",87RAVxanZM,com.sec.android.app.shealth,goal.activity,2021-03-01 23:06:51.822,f22f62f0-6b32-4c29-a1f0-38d0029617eb,0,
,2021-03-02 22:47:41.862,,,,2021-03-03 23:11:32.010,2021-03-02 22:47:42.387,,,goal_activity_reward_goal_achieved,UTC-0300,"{""mIsCompleted"":false,""mValue"":88,""mValue2"":60}",87RAVxanZM,com.sec.android.app.shealth,goal.activity,2021-03-02 22:47:41.862,ad719e73-6876-4321-bc5b-941263108df4,0,
,2021-03-03 23:11:31.972,,,,2021-03-04 23:00:08.953,2021-03-03 23:11:32.018,,,goal_activity_reward_goal_achieved,UTC-0300,"{""mIsCompleted"":false,""mValue"":106,""mValue2"":60}",87RAVxanZM,com.sec.android.app.shealth,goal.activity,2021-03-03 23:11:31.972,ee6aaeba-6c04-494f-8fac-1619b509401b,0,
,2021-03-04 23:00:08.917,,,,2021-03-06 21:28:28.602,2021-03-04 23:00:08.964,,,goal_activity_reward_goal_achieved,UTC-0300,"{""mIsCompleted"":false,""mValue"":98,""mValue2"":60}",87RAVxanZM,com.sec.android.app.shealth,goal.activity,2021-03-04 23:00:08.917,932346d7-5773-4564-832c-72dd1243241a,0,
,2021-03-06 21:28:28.580,,,,2021-03-08 23:06:38.557,2021-03-06 21:28:28.612,,,goal_activity_reward_goal_achieved,UTC-0300,"{""mIsCompleted"":false,""mValue"":1203,""mValue2"":60}",87RAVxanZM,com.sec.android.app.shealth,goal.activity,2021-03-06 21:28:28.580,36be4a37-7568-4300-a65d-25e47b97ee21,0,
,2021-03-06 23:14:24.138,,,,2021-03-06 23:14:24.241,2021-03-06 21:28:28.786,,,goal_activity_reward_most_active_day,UTC-0300,"{""mIsCompleted"":false,""mValue"":1203,""mValue2"":0}",87RAVxanZM,com.sec.android.app.shealth,goal.activity,2021-03-06 21:28:28.580,105c9126-e881-4300-abce-6af076abeb53,1,
,2021-03-06 02:59:59.999,,,,2021-03-06 21:28:28.974,2021-03-06 21:28:28.974,,,goal_activity_reward_goal_achieved,UTC-0300,"{""mIsCompleted"":true,""mValue"":331,""mValue2"":60}",87RAVxanZM,com.sec.android.app.shealth,goal.activity,2021-03-06 02:59:59.999,17b5bf39-0a07-4345-a954-60deb05d9a26,0,
,2021-03-06 02:59:59.999,,,,2021-03-06 21:28:29.041,2021-03-06 21:28:29.041,,,goal_activity_reward_most_active_day,UTC-0300,"{""mIsCompleted"":true,""mValue"":331,""mValue2"":0}",87RAVxanZM,com.sec.android.app.shealth,goal.activity,2021-03-06 02:59:59.999,c74f437c-3a54-40e9-8757-8a7dc872f934,0,
,2021-03-08 23:06:38.537,,,,2021-03-10 23:08:23.675,2021-03-08 23:06:38.559,,,goal_activity_reward_goal_achieved,UTC-0300,"{""mIsCompleted"":false,""mValue"":104,""mValue2"":60}",87RAVxanZM,com.sec.android.app.shealth,goal.activity,2021-03-08 23:06:38.537,2ec32b21-0486-4cac-892c-bc95a6d8a8dd,0,
,2021-03-10 23:08:23.658,,,,2021-03-11 23:15:37.999,2021-03-10 23:08:23.687,,,goal_activity_reward_goal_achieved,UTC-0300,"{""mIsCompleted"":false,""mValue"":108,""mValue2"":60}",87RAVxanZM,com.sec.android.app.shealth,goal.activity,2021-03-10 23:08:23.658,51491bd6-4d48-4b11-ae9a-3251ae7a837d,0,
,2021-03-11 23:15:37.949,,,,2021-03-13 21:30:04.291,2021-03-11 23:15:38.029,,,goal_activity_reward_goal_achieved,UTC-0300,"{""mIsCompleted"":false,""mValue"":96,""mValue2"":60}",87RAVxanZM,com.sec.android.app.shealth,goal.activity,2021-03-11 23:15:37.949,36aa030c-b0ae-45c0-8dfa-a62a8d5efa88,0,
,2021-03-13 21:30:04.257,,,,2021-03-15 22:58:22.143,2021-03-13 21:30:04.294,,,goal_activity_reward_goal_achieved,UTC-0300,"{""mIsCompleted"":true,""mValue"":1193,""mValue2"":60}",87RAVxanZM,com.sec.android.app.shealth,goal.activity,2021-03-13 21:30:04.257,719d0e22-b355-415d-a04b-db31beb4578e,0,
,2021-03-13 02:59:59.999,,,,2021-03-13 21:30:04.590,2021-03-13 21:30:04.590,,,goal_activity_reward_goal_achieved,UTC-0300,"{""mIsCompleted"":true,""mValue"":330,""mValue2"":60}",87RAVxanZM,com.sec.android.app.shealth,goal.activity,2021-03-13 02:59:59.999,9c843ac6-2898-416b-9648-1fb10796dbf5,0,
,2021-03-15 22:58:22.124,,,,2021-03-16 22:51:00.751,2021-03-15 22:58:22.146,,,goal_activity_reward_goal_achieved,UTC-0300,"{""mIsCompleted"":true,""mValue"":97,""mValue2"":60}",87RAVxanZM,com.sec.android.app.shealth,goal.activity,2021-03-15 22:58:22.124,e6b9d027-0131-45fa-abfe-6a6353152647,0,
,2021-03-16 22:51:00.728,,,,2021-03-17 23:01:52.622,2021-03-16 22:51:00.773,,,goal_activity_reward_goal_achieved,UTC-0300,"{""mIsCompleted"":false,""mValue"":82,""mValue2"":60}",87RAVxanZM,com.sec.android.app.shealth,goal.activity,2021-03-16 22:51:00.728,8bd55d52-a0e5-495e-9a24-4c59412ca4c5,0,
,2021-03-17 23:01:52.608,,,,2021-03-19 22:58:28.359,2021-03-17 23:01:52.629,,,goal_activity_reward_goal_achieved,UTC-0300,"{""mIsCompleted"":false,""mValue"":91,""mValue2"":60}",87RAVxanZM,com.sec.android.app.shealth,goal.activity,2021-03-17 23:01:52.608,8cf10fb3-39ca-4a4f-af70-92a0879bd342,0,
,2021-03-19 22:58:28.339,,,,2021-03-22 22:55:06.135,2021-03-19 22:58:28.361,,,goal_activity_reward_goal_achieved,UTC-0300,"{""mIsCompleted"":true,""mValue"":89,""mValue2"":60}",87RAVxanZM,com.sec.android.app.shealth,goal.activity,2021-03-19 22:58:28.339,270f26f2-700f-45dc-adcd-658dd01bc892,0,
,2021-03-22 22:55:06.037,,,,2021-03-23 22:47:23.659,2021-03-22 22:55:06.254,,,goal_activity_reward_goal_achieved,UTC-0300,"{""mIsCompleted"":false,""mValue"":94,""mValue2"":60}",87RAVxanZM,com.sec.android.app.shealth,goal.activity,2021-03-22 22:55:06.037,56feb924-50e6-4478-9a8b-f856449353d2,0,
,2021-03-23 22:47:23.639,,,,2021-03-24 22:57:06.457,2021-03-23 22:47:23.664,,,goal_activity_reward_goal_achieved,UTC-0300,"{""mIsCompleted"":false,""mValue"":81,""mValue2"":60}",87RAVxanZM,com.sec.android.app.shealth,goal.activity,2021-03-23 22:47:23.639,c785ec63-7bc6-4b04-bc5a-2d427648f4b8,0,
,2021-03-24 22:57:06.434,,,,2021-03-26 00:47:34.321,2021-03-24 22:57:06.471,,,goal_activity_reward_goal_achieved,UTC-0300,"{""mIsCompleted"":false,""mValue"":92,""mValue2"":60}",87RAVxanZM,com.sec.android.app.shealth,goal.activity,2021-03-24 22:57:06.434,c1c79956-bfa6-4937-b481-084f2d913c01,0,
,2021-03-26 00:47:34.295,,,,2021-03-26 23:11:17.746,2021-03-26 00:47:34.325,,,goal_activity_reward_goal_achieved,UTC-0300,"{""mIsCompleted"":false,""mValue"":202,""mValue2"":60}",87RAVxanZM,com.sec.android.app.shealth,goal.activity,2021-03-26 00:47:34.295,0f0f873b-f159-4593-9777-ad9735c022c9,0,
,2021-03-26 23:11:17.709,,,,2021-03-27 23:19:49.561,2021-03-26 23:11:17.766,,,goal_activity_reward_goal_achieved,UTC-0300,"{""mIsCompleted"":false,""mValue"":103,""mValue2"":60}",87RAVxanZM,com.sec.android.app.shealth,goal.activity,2021-03-26 23:11:17.709,7ca21ab3-abbe-4054-aeeb-70c86438ee3c,0,
,2021-03-27 23:19:49.522,,,,2021-03-29 23:04:13.933,2021-03-27 23:19:49.565,,,goal_activity_reward_goal_achieved,UTC-0300,"{""mIsCompleted"":false,""mValue"":113,""mValue2"":60}",87RAVxanZM,com.sec.android.app.shealth,goal.activity,2021-03-27 23:19:49.522,afe84c88-effe-4b87-9712-122ac35d9ea0,0,
,2021-03-29 23:04:13.909,,,,2021-03-31 21:23:02.429,2021-03-29 23:04:13.937,,,goal_activity_reward_goal_achieved,UTC-0300,"{""mIsCompleted"":false,""mValue"":97,""mValue2"":60}",87RAVxanZM,com.sec.android.app.shealth,goal.activity,2021-03-29 23:04:13.909,5ef12cc5-f683-418f-b0c7-39e2fc08ffa5,0,
,2021-03-31 21:23:02.402,,,,2021-04-01 23:10:04.152,2021-03-31 21:23:02.435,,,goal_activity_reward_goal_achieved,UTC-0300,"{""mIsCompleted"":false,""mValue"":1188,""mValue2"":60}",87RAVxanZM,com.sec.android.app.shealth,goal.activity,2021-03-31 21:23:02.402,b7af108f-4a70-4b55-8dec-e6bbdb475dd3,0,
,2021-03-31 02:59:59.999,,,,2021-03-31 21:23:02.637,2021-03-31 21:23:02.637,,,goal_activity_reward_goal_achieved,UTC-0300,"{""mIsCompleted"":true,""mValue"":338,""mValue2"":60}",87RAVxanZM,com.sec.android.app.shealth,goal.activity,2021-03-31 02:59:59.999,1bd42c6d-5870-428d-9783-99f7b542ec7e,0,
,2021-04-01 23:10:04.116,,,,2021-04-02 23:10:50.031,2021-04-01 23:10:04.175,,,goal_activity_reward_goal_achieved,UTC-0300,"{""mIsCompleted"":false,""mValue"":102,""mValue2"":60}",87RAVxanZM,com.sec.android.app.shealth,goal.activity,2021-04-01 23:10:04.116,dd8d2bba-d0ba-41b2-a489-0094aaffe967,0,
,2021-04-02 23:10:49.996,,,,2021-04-03 20:01:29.746,2021-04-02 23:10:50.035,,,goal_activity_reward_goal_achieved,UTC-0300,"{""mIsCompleted"":true,""mValue"":120,""mValue2"":60}",87RAVxanZM,com.sec.android.app.shealth,goal.activity,2021-04-02 23:10:49.996,1f0db6ff-73e3-417d-9f43-9fa65ef4438e,0,
,2021-04-03 20:01:29.730,,,,2021-04-05 22:53:27.596,2021-04-03 20:01:29.749,,,goal_activity_reward_goal_achieved,UTC-0300,"{""mIsCompleted"":true,""mValue"":119,""mValue2"":60}",87RAVxanZM,com.sec.android.app.shealth,goal.activity,2021-04-03 20:01:29.730,da829409-6e56-48aa-9732-f057e000b17b,0,
,2021-04-05 22:53:27.569,,,,2021-04-08 22:48:17.985,2021-04-05 22:53:27.601,,,goal_activity_reward_goal_achieved,UTC-0300,"{""mIsCompleted"":false,""mValue"":92,""mValue2"":60}",87RAVxanZM,com.sec.android.app.shealth,goal.activity,2021-04-05 22:53:27.569,b4c1ab1b-738f-4e23-a72d-5a0fd20c1224,0,
,2021-04-08 22:48:17.960,,,,2021-04-09 23:07:31.951,2021-04-08 22:48:17.989,,,goal_activity_reward_goal_achieved,UTC-0300,"{""mIsCompleted"":false,""mValue"":84,""mValue2"":60}",87RAVxanZM,com.sec.android.app.shealth,goal.activity,2021-04-08 22:48:17.960,86976d36-7080-4bdc-b85c-1beb0ac84dd8,0,
,2021-04-09 23:07:31.905,,,,2021-04-10 23:06:40.709,2021-04-09 23:07:31.954,,,goal_activity_reward_goal_achieved,UTC-0300,"{""mIsCompleted"":true,""mValue"":102,""mValue2"":60}",87RAVxanZM,com.sec.android.app.shealth,goal.activity,2021-04-09 23:07:31.905,74c4376b-eed6-4c36-881f-526be98e0ebf,0,
,2021-04-10 23:06:40.691,,,,2021-04-12 22:59:56.369,2021-04-10 23:06:40.711,,,goal_activity_reward_goal_achieved,UTC-0300,"{""mIsCompleted"":false,""mValue"":146,""mValue2"":60}",87RAVxanZM,com.sec.android.app.shealth,goal.activity,2021-04-10 23:06:40.691,964225c7-bd38-47f3-8538-0f573768c7a3,0,
,2021-04-12 22:59:56.335,,,,2021-04-13 22:56:03.856,2021-04-12 22:59:56.376,,,goal_activity_reward_goal_achieved,UTC-0300,"{""mIsCompleted"":false,""mValue"":96,""mValue2"":60}",87RAVxanZM,com.sec.android.app.shealth,goal.activity,2021-04-12 22:59:56.335,d6bfb653-8966-4147-b242-422c02b929f0,0,
,2021-04-13 22:56:03.836,,,,2021-04-14 23:03:39.078,2021-04-13 22:56:03.860,,,goal_activity_reward_goal_achieved,UTC-0300,"{""mIsCompleted"":false,""mValue"":90,""mValue2"":60}",87RAVxanZM,com.sec.android.app.shealth,goal.activity,2021-04-13 22:56:03.836,8950d4e1-1077-457c-95f7-4a20bb2d1da3,0,
,2021-04-14 23:03:39.054,,,,2021-04-15 22:50:55.991,2021-04-14 23:03:39.092,,,goal_activity_reward_goal_achieved,UTC-0300,"{""mIsCompleted"":true,""mValue"":100,""mValue2"":60}",87RAVxanZM,com.sec.android.app.shealth,goal.activity,2021-04-14 23:03:39.054,7b2103c7-96fc-49d6-8ab0-a1c5151628e0,0,
,2021-04-15 22:50:55.940,,,,2021-04-16 23:05:59.008,2021-04-15 22:50:55.994,,,goal_activity_reward_goal_achieved,UTC-0300,"{""mIsCompleted"":false,""mValue"":85,""mValue2"":60}",87RAVxanZM,com.sec.android.app.shealth,goal.activity,2021-04-15 22:50:55.940,ab9c3da2-f3fe-46a4-91b5-4434403086d8,0,
,2021-04-16 23:05:58.948,,,,2021-04-17 23:02:03.810,2021-04-16 23:05:59.011,,,goal_activity_reward_goal_achieved,UTC-0300,"{""mIsCompleted"":false,""mValue"":97,""mValue2"":60}",87RAVxanZM,com.sec.android.app.shealth,goal.activity,2021-04-16 23:05:58.948,694fbb95-7abb-43e8-8896-d16e6a8b07a5,0,
,2021-04-17 23:02:03.756,,,,2021-04-20 23:10:15.266,2021-04-17 23:02:03.810,,,goal_activity_reward_goal_achieved,UTC-0300,"{""mIsCompleted"":true,""mValue"":79,""mValue2"":60}",87RAVxanZM,com.sec.android.app.shealth,goal.activity,2021-04-17 23:02:03.756,f7da6912-e755-4496-b00f-407d9743934b,0,
,2021-04-20 23:10:15.202,,,,2021-04-21 22:57:07.580,2021-04-20 23:10:15.268,,,goal_activity_reward_goal_achieved,UTC-0300,"{""mIsCompleted"":false,""mValue"":79,""mValue2"":60}",87RAVxanZM,com.sec.android.app.shealth,goal.activity,2021-04-20 23:10:15.202,2f444801-460e-4686-b68a-31798f0d82e8,0,
,2021-04-21 22:57:07.538,,,,2021-04-23 22:43:03.948,2021-04-21 22:57:07.586,,,goal_activity_reward_goal_achieved,UTC-0300,"{""mIsCompleted"":false,""mValue"":80,""mValue2"":60}",87RAVxanZM,com.sec.android.app.shealth,goal.activity,2021-04-21 22:57:07.538,ecf13498-5ea0-45ea-b444-7d34c43c1f4f,0,
,2021-04-23 22:43:03.884,,,,2021-04-25 20:22:28.666,2021-04-23 22:43:03.954,,,goal_activity_reward_goal_achieved,UTC-0300,"{""mIsCompleted"":false,""mValue"":79,""mValue2"":60}",87RAVxanZM,com.sec.android.app.shealth,goal.activity,2021-04-23 22:43:03.884,df2924e9-1cbf-47e7-b99f-38139d1a85ed,0,
,2021-04-25 20:22:28.633,,,,2021-04-26 22:48:42.690,2021-04-25 20:22:28.684,,,goal_activity_reward_goal_achieved,UTC-0300,"{""mIsCompleted"":false,""mValue"":62,""mValue2"":60}",87RAVxanZM,com.sec.android.app.shealth,goal.activity,2021-04-25 20:22:28.633,244f0bec-879f-4b85-ae4f-ea146a7a80ba,0,
,2021-04-26 22:48:42.655,,,,2021-04-27 23:00:05.251,2021-04-26 22:48:42.692,,,goal_activity_reward_goal_achieved,UTC-0300,"{""mIsCompleted"":false,""mValue"":86,""mValue2"":60}",87RAVxanZM,com.sec.android.app.shealth,goal.activity,2021-04-26 22:48:42.655,9d0581ca-fb4c-4a03-8691-c0ade84ff50b,0,
,2021-04-27 23:00:05.214,,,,2021-04-28 23:17:19.696,2021-04-27 23:00:05.267,,,goal_activity_reward_goal_achieved,UTC-0300,"{""mIsCompleted"":false,""mValue"":100,""mValue2"":60}",87RAVxanZM,com.sec.android.app.shealth,goal.activity,2021-04-27 23:00:05.214,f21505b7-d041-4caf-9c46-02e6246469c0,0,
,2021-04-28 23:17:19.661,,,,2021-04-29 23:01:10.881,2021-04-28 23:17:19.713,,,goal_activity_reward_goal_achieved,UTC-0300,"{""mIsCompleted"":false,""mValue"":94,""mValue2"":60}",87RAVxanZM,com.sec.android.app.shealth,goal.activity,2021-04-28 23:17:19.661,ad8a0acd-f66d-4510-a67f-8c063a421f80,0,
,2021-04-29 23:01:10.831,,,,2021-04-30 22:55:58.444,2021-04-29 23:01:10.883,,,goal_activity_reward_goal_achieved,UTC-0300,"{""mIsCompleted"":false,""mValue"":98,""mValue2"":60}",87RAVxanZM,com.sec.android.app.shealth,goal.activity,2021-04-29 23:01:10.831,1be9c3c7-3d92-4ac0-bdbf-68fe1566cee1,0,
,2021-04-30 22:55:58.430,,,,2021-05-01 18:26:02.822,2021-04-30 22:55:58.447,,,goal_activity_reward_goal_achieved,UTC-0300,"{""mIsCompleted"":false,""mValue"":90,""mValue2"":60}",87RAVxanZM,com.sec.android.app.shealth,goal.activity,2021-04-30 22:55:58.430,3076b149-9b28-4257-85dc-2f1b54343cb6,0,
,2021-05-01 18:26:02.777,,,,2021-05-03 23:06:36.143,2021-05-01 18:26:02.842,,,goal_activity_reward_goal_achieved,UTC-0300,"{""mIsCompleted"":false,""mValue"":173,""mValue2"":60}",87RAVxanZM,com.sec.android.app.shealth,goal.activity,2021-05-01 18:26:02.777,583b6d28-5bb7-4c7f-af04-0c0c6e17093b,0,
,2021-05-03 23:06:36.062,,,,2021-05-05 22:59:55.716,2021-05-03 23:06:36.146,,,goal_activity_reward_goal_achieved,UTC-0300,"{""mIsCompleted"":false,""mValue"":101,""mValue2"":60}",87RAVxanZM,com.sec.android.app.shealth,goal.activity,2021-05-03 23:06:36.062,4f0cdf84-006a-48bc-ad12-b4b6edcb76dd,0,
,2021-05-05 22:59:55.674,,,,2021-05-06 22:53:57.528,2021-05-05 22:59:55.723,,,goal_activity_reward_goal_achieved,UTC-0300,"{""mIsCompleted"":true,""mValue"":75,""mValue2"":60}",87RAVxanZM,com.sec.android.app.shealth,goal.activity,2021-05-05 22:59:55.674,3880a58b-923f-4b11-aa06-cce39034eba9,0,
,2021-05-06 22:53:57.479,,,,2021-05-07 23:06:36.184,2021-05-06 22:53:57.538,,,goal_activity_reward_goal_achieved,UTC-0300,"{""mIsCompleted"":false,""mValue"":89,""mValue2"":60}",87RAVxanZM,com.sec.android.app.shealth,goal.activity,2021-05-06 22:53:57.479,7294b4ca-d908-48ed-adda-cda9209a12b7,0,
,2021-05-07 23:06:36.147,,,,2021-05-08 18:56:35.124,2021-05-07 23:06:36.188,,,goal_activity_reward_goal_achieved,UTC-0300,"{""mIsCompleted"":false,""mValue"":98,""mValue2"":60}",87RAVxanZM,com.sec.android.app.shealth,goal.activity,2021-05-07 23:06:36.147,e292da91-3d1e-4809-82bd-60ad6834d249,0,
,2021-05-08 18:56:35.092,,,,2021-05-10 23:07:32.986,2021-05-08 18:56:35.131,,,goal_activity_reward_goal_achieved,UTC-0300,"{""mIsCompleted"":true,""mValue"":179,""mValue2"":60}",87RAVxanZM,com.sec.android.app.shealth,goal.activity,2021-05-08 18:56:35.092,0712fe92-6405-4109-9bf3-4c009c253f0d,0,
,2021-05-10 23:07:32.959,,,,2021-05-11 23:03:33.439,2021-05-10 23:07:32.992,,,goal_activity_reward_goal_achieved,UTC-0300,"{""mIsCompleted"":false,""mValue"":102,""mValue2"":60}",87RAVxanZM,com.sec.android.app.shealth,goal.activity,2021-05-10 23:07:32.959,3e24252c-22c0-408e-854d-73298a901064,0,
,2021-05-11 23:03:33.398,,,,2021-05-12 23:19:30.617,2021-05-11 23:03:33.444,,,goal_activity_reward_goal_achieved,UTC-0300,"{""mIsCompleted"":false,""mValue"":95,""mValue2"":60}",87RAVxanZM,com.sec.android.app.shealth,goal.activity,2021-05-11 23:03:33.398,618a80d9-e068-403e-9048-c57d8f7fad12,0,
,2021-05-12 23:19:30.579,,,,2021-05-14 23:01:20.918,2021-05-12 23:19:30.620,,,goal_activity_reward_goal_achieved,UTC-0300,"{""mIsCompleted"":false,""mValue"":98,""mValue2"":60}",87RAVxanZM,com.sec.android.app.shealth,goal.activity,2021-05-12 23:19:30.579,362c4420-f7de-4b9e-bc75-b395519e4d82,0,
,2021-05-14 23:01:20.879,,,,2021-05-15 18:24:09.402,2021-05-14 23:01:20.930,,,goal_activity_reward_goal_achieved,UTC-0300,"{""mIsCompleted"":false,""mValue"":93,""mValue2"":60}",87RAVxanZM,com.sec.android.app.shealth,goal.activity,2021-05-14 23:01:20.879,f06d11f0-07e8-403d-be4c-068fc4cd5cab,0,
,2021-05-15 18:24:09.351,,,,2021-05-17 23:08:07.230,2021-05-15 18:24:09.414,,,goal_activity_reward_goal_achieved,UTC-0300,"{""mIsCompleted"":true,""mValue"":228,""mValue2"":60}",87RAVxanZM,com.sec.android.app.shealth,goal.activity,2021-05-15 18:24:09.351,8af001a8-007e-4bb8-88c1-7a0f12aa4c22,0,
,2021-05-17 23:08:07.179,,,,2021-05-18 22:56:36.745,2021-05-17 23:08:07.232,,,goal_activity_reward_goal_achieved,UTC-0300,"{""mIsCompleted"":true,""mValue"":105,""mValue2"":60}",87RAVxanZM,com.sec.android.app.shealth,goal.activity,2021-05-17 23:08:07.179,bd4f7dbd-3980-4b3b-8be2-e45e3b24a2b4,0,
,2021-05-18 22:56:36.724,,,,2021-05-20 23:02:30.910,2021-05-18 22:56:36.750,,,goal_activity_reward_goal_achieved,UTC-0300,"{""mIsCompleted"":false,""mValue"":90,""mValue2"":60}",87RAVxanZM,com.sec.android.app.shealth,goal.activity,2021-05-18 22:56:36.724,5cb5defa-e3e7-4f11-ab2d-c300d9c73b26,0,
,2021-05-20 23:02:30.860,,,,2021-05-21 22:59:27.511,2021-05-20 23:02:30.923,,,goal_activity_reward_goal_achieved,UTC-0300,"{""mIsCompleted"":false,""mValue"":97,""mValue2"":60}",87RAVxanZM,com.sec.android.app.shealth,goal.activity,2021-05-20 23:02:30.860,50ed821e-303d-47fe-a98a-d6045e6a0c6a,0,
,2021-05-21 22:59:27.449,,,,2021-05-22 17:34:32.617,2021-05-21 22:59:27.515,,,goal_activity_reward_goal_achieved,UTC-0300,"{""mIsCompleted"":false,""mValue"":91,""mValue2"":60}",87RAVxanZM,com.sec.android.app.shealth,goal.activity,2021-05-21 22:59:27.449,ccf0784c-a79f-4e9f-b512-4df1ff45d843,0,
,2021-05-22 17:34:32.543,,,,2021-05-24 23:06:22.825,2021-05-22 17:34:32.658,,,goal_activity_reward_goal_achieved,UTC-0300,"{""mIsCompleted"":false,""mValue"":212,""mValue2"":60}",87RAVxanZM,com.sec.android.app.shealth,goal.activity,2021-05-22 17:34:32.543,373c16b5-cd09-4736-840e-7b4425d8166e,0,
,2021-05-24 23:06:22.785,,,,2021-05-26 23:05:47.014,2021-05-24 23:06:22.829,,,goal_activity_reward_goal_achieved,UTC-0300,"{""mIsCompleted"":true,""mValue"":102,""mValue2"":60}",87RAVxanZM,com.sec.android.app.shealth,goal.activity,2021-05-24 23:06:22.785,2398c7e2-c77b-4a3f-a7ee-d6407ac18527,0,
,2021-05-26 23:05:46.982,,,,2021-05-27 23:04:31.500,2021-05-26 23:05:47.102,,,goal_activity_reward_goal_achieved,UTC-0300,"{""mIsCompleted"":false,""mValue"":82,""mValue2"":60}",87RAVxanZM,com.sec.android.app.shealth,goal.activity,2021-05-26 23:05:46.982,e296da5d-b9f0-421e-a611-1316a006caed,0,
,2021-05-27 23:04:31.445,,,,2021-05-28 22:50:42.877,2021-05-27 23:04:31.503,,,goal_activity_reward_goal_achieved,UTC-0300,"{""mIsCompleted"":false,""mValue"":126,""mValue2"":60}",87RAVxanZM,com.sec.android.app.shealth,goal.activity,2021-05-27 23:04:31.445,3d201178-b3e2-4f36-89d7-da401d40767a,0,
,2021-05-28 22:50:42.808,,,,2021-05-29 22:01:05.259,2021-05-28 22:50:42.880,,,goal_activity_reward_goal_achieved,UTC-0300,"{""mIsCompleted"":false,""mValue"":127,""mValue2"":60}",87RAVxanZM,com.sec.android.app.shealth,goal.activity,2021-05-28 22:50:42.808,0ffcada1-437a-4230-99bf-78b6494a8f18,0,
,2021-05-29 22:01:05.225,,,,2021-05-31 22:59:34.821,2021-05-29 22:01:05.262,,,goal_activity_reward_goal_achieved,UTC-0300,"{""mIsCompleted"":false,""mValue"":137,""mValue2"":60}",87RAVxanZM,com.sec.android.app.shealth,goal.activity,2021-05-29 22:01:05.225,aab88527-d654-4c92-aea3-557e1f3e9f1f,0,
,2021-05-31 22:59:34.771,,,,2021-06-01 22:59:47.276,2021-05-31 22:59:34.826,,,goal_activity_reward_goal_achieved,UTC-0300,"{""mIsCompleted"":false,""mValue"":134,""mValue2"":60}",87RAVxanZM,com.sec.android.app.shealth,goal.activity,2021-05-31 22:59:34.771,99f647ba-2085-48d4-bc5a-d3a7cd45dfb8,0,
,2021-06-01 22:59:47.244,,,,2021-06-02 22:50:32.532,2021-06-01 22:59:47.278,,,goal_activity_reward_goal_achieved,UTC-0300,"{""mIsCompleted"":false,""mValue"":122,""mValue2"":60}",87RAVxanZM,com.sec.android.app.shealth,goal.activity,2021-06-01 22:59:47.244,6f71f00d-355c-4d47-9f75-6cf87cea900d,0,
,2021-06-02 22:50:32.499,,,,2021-06-03 21:40:18.959,2021-06-02 22:50:32.535,,,goal_activity_reward_goal_achieved,UTC-0300,"{""mIsCompleted"":false,""mValue"":132,""mValue2"":60}",87RAVxanZM,com.sec.android.app.shealth,goal.activity,2021-06-02 22:50:32.499,2afdb835-17bd-4aa3-beea-4d67f86e1c62,0,
,2021-06-03 21:40:18.887,,,,2021-06-04 21:26:45.367,2021-06-03 21:40:18.961,,,goal_activity_reward_goal_achieved,UTC-0300,"{""mIsCompleted"":false,""mValue"":129,""mValue2"":60}",87RAVxanZM,com.sec.android.app.shealth,goal.activity,2021-06-03 21:40:18.887,10344436-3e3f-4fff-9a79-0b1112b58688,0,
,2021-06-04 21:26:45.243,,,,2021-06-05 19:58:14.837,2021-06-04 21:26:45.485,,,goal_activity_reward_goal_achieved,UTC-0300,"{""mIsCompleted"":false,""mValue"":163,""mValue2"":60}",87RAVxanZM,com.sec.android.app.shealth,goal.activity,2021-06-04 21:26:45.243,1ddc0bfd-11d1-4512-94c1-4171f5c13444,0,
,2021-06-05 19:58:14.748,,,,2021-06-08 21:33:11.864,2021-06-05 19:58:14.843,,,goal_activity_reward_goal_achieved,UTC-0300,"{""mIsCompleted"":true,""mValue"":197,""mValue2"":60}",87RAVxanZM,com.sec.android.app.shealth,goal.activity,2021-06-05 19:58:14.748,5761f7b1-d9f5-4146-9086-d591bc2cde63,0,
,2021-06-08 21:33:11.806,,,,2021-06-09 22:56:04.251,2021-06-08 21:33:11.865,,,goal_activity_reward_goal_achieved,UTC-0300,"{""mIsCompleted"":false,""mValue"":163,""mValue2"":60}",87RAVxanZM,com.sec.android.app.shealth,goal.activity,2021-06-08 21:33:11.806,1a1e778a-a7f0-4bc6-b915-b377b4530e74,0,
,2021-06-09 22:56:04.215,,,,2021-06-10 22:55:30.668,2021-06-09 22:56:04.259,,,goal_activity_reward_goal_achieved,UTC-0300,"{""mIsCompleted"":true,""mValue"":134,""mValue2"":60}",87RAVxanZM,com.sec.android.app.shealth,goal.activity,2021-06-09 22:56:04.215,7f9ef6f1-e199-45fb-a7ed-ae7f8cbb8c00,0,
,2021-06-10 22:55:30.631,,,,2021-06-12 19:38:26.652,2021-06-10 22:55:30.670,,,goal_activity_reward_goal_achieved,UTC-0300,"{""mIsCompleted"":false,""mValue"":140,""mValue2"":60}",87RAVxanZM,com.sec.android.app.shealth,goal.activity,2021-06-10 22:55:30.631,1e3aee3d-bed9-4f5b-bf58-eb0536516317,0,
,2021-06-12 19:38:26.608,,,,2021-06-14 22:54:22.220,2021-06-12 19:38:26.660,,,goal_activity_reward_goal_achieved,UTC-0300,"{""mIsCompleted"":false,""mValue"":1119,""mValue2"":60}",87RAVxanZM,com.sec.android.app.shealth,goal.activity,2021-06-12 19:38:26.608,c7895816-9541-401f-9ca6-1630f24fa297,0,
,2021-06-12 02:59:59.999,,,,2021-06-12 19:38:26.712,2021-06-12 19:38:26.712,,,goal_activity_reward_goal_achieved,UTC-0300,"{""mIsCompleted"":true,""mValue"":331,""mValue2"":60}",87RAVxanZM,com.sec.android.app.shealth,goal.activity,2021-06-12 02:59:59.999,259625de-691a-4a1f-8492-cb8ef06105d5,0,
,2021-06-14 22:54:22.195,,,,2021-06-15 23:05:46.980,2021-06-14 22:54:22.221,,,goal_activity_reward_goal_achieved,UTC-0300,"{""mIsCompleted"":false,""mValue"":92,""mValue2"":60}",87RAVxanZM,com.sec.android.app.shealth,goal.activity,2021-06-14 22:54:22.195,854a5c1a-71ff-44f0-9091-ab768e9291b0,0,
,2021-06-15 23:05:46.907,,,,2021-06-16 22:53:43.779,2021-06-15 23:05:46.985,,,goal_activity_reward_goal_achieved,UTC-0300,"{""mIsCompleted"":false,""mValue"":100,""mValue2"":60}",87RAVxanZM,com.sec.android.app.shealth,goal.activity,2021-06-15 23:05:46.907,04d25f4b-423e-4332-bd64-fee09869ecff,0,
,2021-06-16 22:53:43.755,,,,2021-06-17 23:04:03.710,2021-06-16 22:53:43.782,,,goal_activity_reward_goal_achieved,UTC-0300,"{""mIsCompleted"":false,""mValue"":81,""mValue2"":60}",87RAVxanZM,com.sec.android.app.shealth,goal.activity,2021-06-16 22:53:43.755,92a90468-09bc-4ea1-a009-d02ab46e8e7f,0,
,2021-06-17 23:04:03.646,,,,2021-06-19 21:32:44.239,2021-06-17 23:04:03.721,,,goal_activity_reward_goal_achieved,UTC-0300,"{""mIsCompleted"":false,""mValue"":95,""mValue2"":60}",87RAVxanZM,com.sec.android.app.shealth,goal.activity,2021-06-17 23:04:03.646,2664d8e1-cb74-4269-8046-4e2f63402db4,0,
,2021-06-19 21:32:44.212,,,,2021-06-21 22:55:00.407,2021-06-19 21:32:44.270,,,goal_activity_reward_goal_achieved,UTC-0300,"{""mIsCompleted"":true,""mValue"":116,""mValue2"":60}",87RAVxanZM,com.sec.android.app.shealth,goal.activity,2021-06-19 21:32:44.212,95a4d59f-2da8-49dc-bb57-f968927f16c1,0,
,2021-06-21 22:55:00.347,,,,2021-06-22 23:07:26.898,2021-06-21 22:55:00.410,,,goal_activity_reward_goal_achieved,UTC-0300,"{""mIsCompleted"":false,""mValue"":93,""mValue2"":60}",87RAVxanZM,com.sec.android.app.shealth,goal.activity,2021-06-21 22:55:00.347,29e2ad84-9f7a-4b1f-be15-c296fabd274b,0,
,2021-06-22 23:07:26.874,,,,2021-06-23 23:01:04.852,2021-06-22 23:07:26.900,,,goal_activity_reward_goal_achieved,UTC-0300,"{""mIsCompleted"":false,""mValue"":101,""mValue2"":60}",87RAVxanZM,com.sec.android.app.shealth,goal.activity,2021-06-22 23:07:26.874,ca1f4779-9023-48d0-9b44-2973e105d3b5,0,
,2021-06-23 23:01:04.826,,,,2021-06-24 23:02:26.708,2021-06-23 23:01:04.854,,,goal_activity_reward_goal_achieved,UTC-0300,"{""mIsCompleted"":false,""mValue"":94,""mValue2"":60}",87RAVxanZM,com.sec.android.app.shealth,goal.activity,2021-06-23 23:01:04.826,7b80168e-1712-45f1-9a95-98e2ea44fd18,0,
,2021-06-24 23:02:26.655,,,,2021-06-26 19:34:55.673,2021-06-24 23:02:26.711,,,goal_activity_reward_goal_achieved,UTC-0300,"{""mIsCompleted"":true,""mValue"":93,""mValue2"":60}",87RAVxanZM,com.sec.android.app.shealth,goal.activity,2021-06-24 23:02:26.655,6dedde17-064e-4e31-b4b4-3db2cbda0c7c,0,
,2021-06-26 19:34:55.649,,,,2021-06-28 22:46:07.489,2021-06-26 19:34:55.688,,,goal_activity_reward_goal_achieved,UTC-0300,"{""mIsCompleted"":true,""mValue"":182,""mValue2"":60}",87RAVxanZM,com.sec.android.app.shealth,goal.activity,2021-06-26 19:34:55.649,0ad68ea2-e71e-446d-b2c0-72185b26460f,0,
,2021-06-28 22:46:07.452,,,,2021-06-29 23:05:23.104,2021-06-28 22:46:07.490,,,goal_activity_reward_goal_achieved,UTC-0300,"{""mIsCompleted"":false,""mValue"":76,""mValue2"":60}",87RAVxanZM,com.sec.android.app.shealth,goal.activity,2021-06-28 22:46:07.452,3153aa5e-47af-4f1a-9dec-f1473ec84181,0,
,2021-06-29 23:05:23.035,,,,2021-06-30 22:44:49.549,2021-06-29 23:05:23.237,,,goal_activity_reward_goal_achieved,UTC-0300,"{""mIsCompleted"":true,""mValue"":98,""mValue2"":60}",87RAVxanZM,com.sec.android.app.shealth,goal.activity,2021-06-29 23:05:23.035,643247ee-0f17-47b9-90ce-fe5a5bc601a9,0,
,2021-06-30 22:44:49.480,,,,2021-07-01 22:52:03.858,2021-06-30 22:44:49.551,,,goal_activity_reward_goal_achieved,UTC-0300,"{""mIsCompleted"":false,""mValue"":75,""mValue2"":60}",87RAVxanZM,com.sec.android.app.shealth,goal.activity,2021-06-30 22:44:49.480,57fd0516-1a79-4322-853e-b1338c439f74,0,
,2021-07-01 22:52:03.794,,,,2021-07-02 23:51:45.541,2021-07-01 22:52:03.979,,,goal_activity_reward_goal_achieved,UTC-0300,"{""mIsCompleted"":false,""mValue"":86,""mValue2"":60}",87RAVxanZM,com.sec.android.app.shealth,goal.activity,2021-07-01 22:52:03.794,1c956fc9-5d39-4cd5-99b9-bc25882e372e,0,
,2021-07-02 23:51:45.482,,,,2021-07-03 20:08:50.368,2021-07-02 23:51:45.544,,,goal_activity_reward_goal_achieved,UTC-0300,"{""mIsCompleted"":false,""mValue"":142,""mValue2"":60}",87RAVxanZM,com.sec.android.app.shealth,goal.activity,2021-07-02 23:51:45.482,a7ab925b-5791-4c57-b503-04b030f58a5f,0,
,2021-07-03 20:08:50.318,,,,2021-07-05 22:53:13.505,2021-07-03 20:08:50.403,,,goal_activity_reward_goal_achieved,UTC-0300,"{""mIsCompleted"":false,""mValue"":164,""mValue2"":60}",87RAVxanZM,com.sec.android.app.shealth,goal.activity,2021-07-03 20:08:50.318,e00037c9-a0c3-43ae-b6f2-8893c1c04eb8,0,
,2021-07-05 22:53:13.401,,,,2021-07-06 22:53:26.803,2021-07-05 22:53:13.508,,,goal_activity_reward_goal_achieved,UTC-0300,"{""mIsCompleted"":false,""mValue"":90,""mValue2"":60}",87RAVxanZM,com.sec.android.app.shealth,goal.activity,2021-07-05 22:53:13.401,10306d48-8b4f-4f2b-9bf2-f84578c9703e,0,
,2021-07-06 22:53:26.710,,,,2021-07-07 22:53:36.035,2021-07-06 22:53:26.905,,,goal_activity_reward_goal_achieved,UTC-0300,"{""mIsCompleted"":true,""mValue"":90,""mValue2"":60}",87RAVxanZM,com.sec.android.app.shealth,goal.activity,2021-07-06 22:53:26.710,3edf1485-4b09-4e3a-a3ca-8d4f3281b32e,0,
,2021-07-07 22:53:35.988,,,,2021-07-08 22:50:26.730,2021-07-07 22:53:36.042,,,goal_activity_reward_goal_achieved,UTC-0300,"{""mIsCompleted"":false,""mValue"":89,""mValue2"":60}",87RAVxanZM,com.sec.android.app.shealth,goal.activity,2021-07-07 22:53:35.988,d5d8a9c1-c770-462a-a5e0-eb79d51148ab,0,
,2021-07-08 22:50:26.697,,,,2021-07-09 22:54:26.224,2021-07-08 22:50:26.826,,,goal_activity_reward_goal_achieved,UTC-0300,"{""mIsCompleted"":true,""mValue"":80,""mValue2"":60}",87RAVxanZM,com.sec.android.app.shealth,goal.activity,2021-07-08 22:50:26.697,1f3e2363-5bb0-479f-8dd9-3683f1a487be,0,
,2021-07-09 22:54:26.176,,,,2021-07-11 10:22:06.173,2021-07-09 22:54:26.373,,,goal_activity_reward_goal_achieved,UTC-0300,"{""mIsCompleted"":true,""mValue"":101,""mValue2"":60}",87RAVxanZM,com.sec.android.app.shealth,goal.activity,2021-07-09 22:54:26.176,aa6e73b6-a851-4d2b-bbfd-cc5aeab5d2f8,0,
,2021-07-11 10:22:06.135,,,,2021-07-12 22:49:10.822,2021-07-11 10:22:06.184,,,goal_activity_reward_goal_achieved,UTC-0300,"{""mIsCompleted"":false,""mValue"":73,""mValue2"":60}",87RAVxanZM,com.sec.android.app.shealth,goal.activity,2021-07-11 10:22:06.135,93fb4f4b-df32-4907-b64d-ae5b5a922848,0,
,2021-07-12 22:49:10.800,,,,2021-07-13 22:48:50.232,2021-07-12 22:49:10.825,,,goal_activity_reward_goal_achieved,UTC-0300,"{""mIsCompleted"":false,""mValue"":83,""mValue2"":60}",87RAVxanZM,com.sec.android.app.shealth,goal.activity,2021-07-12 22:49:10.800,db67de3f-246a-40a5-82c7-de3ca5cfd54e,0,
,2021-07-13 22:48:50.201,,,,2021-07-14 23:00:19.285,2021-07-13 22:48:50.235,,,goal_activity_reward_goal_achieved,UTC-0300,"{""mIsCompleted"":false,""mValue"":81,""mValue2"":60}",87RAVxanZM,com.sec.android.app.shealth,goal.activity,2021-07-13 22:48:50.201,273629c7-1c05-4662-9f91-5c52870ae26f,0,
,2021-07-14 23:00:19.262,,,,2021-07-15 22:46:49.203,2021-07-14 23:00:19.287,,,goal_activity_reward_goal_achieved,UTC-0300,"{""mIsCompleted"":false,""mValue"":94,""mValue2"":60}",87RAVxanZM,com.sec.android.app.shealth,goal.activity,2021-07-14 23:00:19.262,457cb65d-d43f-4235-8f90-eff97493eca9,0,
,2021-07-15 22:46:49.165,,,,2021-07-16 23:03:23.207,2021-07-15 22:46:49.206,,,goal_activity_reward_goal_achieved,UTC-0300,"{""mIsCompleted"":true,""mValue"":82,""mValue2"":60}",87RAVxanZM,com.sec.android.app.shealth,goal.activity,2021-07-15 22:46:49.165,2dad4937-31d2-43c9-85e8-4126d4c77887,0,
,2021-07-16 23:03:23.177,,,,2021-07-17 21:24:08.425,2021-07-16 23:03:23.214,,,goal_activity_reward_goal_achieved,UTC-0300,"{""mIsCompleted"":false,""mValue"":94,""mValue2"":60}",87RAVxanZM,com.sec.android.app.shealth,goal.activity,2021-07-16 23:03:23.177,84d0f958-b129-44a3-ae29-cd7f858e8122,0,
,2021-07-17 21:24:08.374,,,,2021-07-19 22:46:41.765,2021-07-17 21:24:08.427,,,goal_activity_reward_goal_achieved,UTC-0300,"{""mIsCompleted"":false,""mValue"":103,""mValue2"":60}",87RAVxanZM,com.sec.android.app.shealth,goal.activity,2021-07-17 21:24:08.374,f548118d-ed49-447b-ae00-c1b2d0fda2e6,0,
,2021-07-19 22:46:41.726,,,,2021-07-20 22:52:47.213,2021-07-19 22:46:41.766,,,goal_activity_reward_goal_achieved,UTC-0300,"{""mIsCompleted"":true,""mValue"":83,""mValue2"":60}",87RAVxanZM,com.sec.android.app.shealth,goal.activity,2021-07-19 22:46:41.726,481d98cf-d711-40ba-8ab1-5d5e791de29f,0,
,2021-07-20 22:52:47.159,,,,2021-07-21 22:58:00.287,2021-07-20 22:52:47.215,,,goal_activity_reward_goal_achieved,UTC-0300,"{""mIsCompleted"":false,""mValue"":85,""mValue2"":60}",87RAVxanZM,com.sec.android.app.shealth,goal.activity,2021-07-20 22:52:47.159,fadaded2-c797-4f27-a508-7eec62a37605,0,
,2021-07-21 22:58:00.257,,,,2021-07-22 22:47:21.351,2021-07-21 22:58:00.290,,,goal_activity_reward_goal_achieved,UTC-0300,"{""mIsCompleted"":true,""mValue"":89,""mValue2"":60}",87RAVxanZM,com.sec.android.app.shealth,goal.activity,2021-07-21 22:58:00.257,2884576b-0a43-45bb-8cfe-60179435c31b,0,
,2021-07-22 22:47:21.195,,,,2021-07-22 22:53:33.930,2021-07-22 22:47:21.352,,,goal_activity_reward_goal_achieved,UTC-0300,"{""mIsCompleted"":false,""mValue"":80,""mValue2"":60}",87RAVxanZM,com.sec.android.app.shealth,goal.activity,2021-07-22 22:47:21.195,99289d0c-1460-45cf-8d05-f2aef49866b3,0,
,2021-07-23 22:54:01.773,,,,2021-07-24 22:35:12.209,2021-07-23 22:54:01.804,,,goal_activity_reward_goal_achieved,UTC-0300,"{""mIsCompleted"":true,""mValue"":89,""mValue2"":60}",87RAVxanZM,com.sec.android.app.shealth,goal.activity,2021-07-23 22:54:01.773,3fd2358a-2c73-4a27-a0b8-a6aa5330b969,0,
,2021-07-24 22:35:12.117,,,,2021-07-29 22:56:43.113,2021-07-24 22:35:12.459,,,goal_activity_reward_goal_achieved,UTC-0300,"{""mIsCompleted"":false,""mValue"":91,""mValue2"":60}",87RAVxanZM,com.sec.android.app.shealth,goal.activity,2021-07-24 22:35:12.117,b6883b07-d5bd-435b-84eb-c0df2f28fff1,0,
,2021-07-29 22:56:43.042,,,,2021-07-30 22:47:42.982,2021-07-29 22:56:43.116,,,goal_activity_reward_goal_achieved,UTC-0300,"{""mIsCompleted"":false,""mValue"":91,""mValue2"":60}",87RAVxanZM,com.sec.android.app.shealth,goal.activity,2021-07-29 22:56:43.042,9541bc64-9d9c-4075-a95a-a9b80fab9ee9,0,
,2021-07-30 22:47:42.957,,,,2021-07-31 18:28:42.129,2021-07-30 22:47:42.984,,,goal_activity_reward_goal_achieved,UTC-0300,"{""mIsCompleted"":false,""mValue"":80,""mValue2"":60}",87RAVxanZM,com.sec.android.app.shealth,goal.activity,2021-07-30 22:47:42.957,6f4e4898-63f7-4a74-91e2-a7bc6800f859,0,
,2021-07-31 18:28:42.102,,,,2021-07-31 19:12:19.766,2021-07-31 18:28:42.136,,,goal_activity_reward_goal_achieved,UTC-0300,"{""mIsCompleted"":false,""mValue"":87,""mValue2"":60}",87RAVxanZM,com.sec.android.app.shealth,goal.activity,2021-07-31 18:28:42.102,7f5f3dba-ef27-4079-b38b-c97586060aca,1,
,2021-04-10 09:40:00.000,,,,2021-09-04 09:32:48.102,2021-09-04 09:32:48.102,,,goal_sleep_TYPE_GOAL_DAILY_WAKEUP_TIME,UTC-0300,2,87RAVxanZM,com.sec.android.app.shealth,Sleep.Goal,2021-04-10 01:29:00.000,688bcf61-d15c-457b-8300-3e0553f881ca,1,
,2020-12-31 09:05:00.000,,,,2021-09-04 09:32:48.102,2021-09-04 09:32:48.102,,,goal_sleep_TYPE_GOAL_DAILY_BED_TIME,UTC-0300,1,87RAVxanZM,com.sec.android.app.shealth,Sleep.Goal,2020-12-31 01:40:00.000,16f8f20a-d4a1-439e-a7ca-a90bc9910a93,1,
,2019-01-05 09:10:00.000,,,,2021-09-04 09:32:48.102,2021-09-04 09:32:48.102,,,goal_sleep_TYPE_GOAL_DAILY_WAKEUP_TIME,UTC-0200,1,87RAVxanZM,com.sec.android.app.shealth,Sleep.Goal,2019-01-05 01:40:00.000,f5346d78-7bb9-4501-a03f-1017c62a28c1,0,
,2021-01-09 03:00:00.000,,2199999,,2022-04-23 12:29:51.478,2022-04-23 12:29:51.478,,,tracker_pedometer_reward_target_achieved,UTC-0300,"{""mTarget"":6000,""mValue"":6490}",87RAVxanZM,com.sec.android.app.shealth,tracker.pedometer,2021-01-09 03:00:00.000,d5481edf-8b80-4c5a-9afa-b4777124c8b3,1,
,2021-02-14 03:00:00.000,,2199999,,2022-04-23 12:29:51.478,2022-04-23 12:29:51.478,,,tracker_pedometer_reward_target_achieved,UTC-0300,"{""mTarget"":6000,""mValue"":6686}",87RAVxanZM,com.sec.android.app.shealth,tracker.pedometer,2021-02-14 03:00:00.000,25f504b6-8787-45df-a55a-b4b0d8979515,1,
,2021-03-13 03:00:00.000,,2199999,,2022-04-23 12:29:51.478,2022-04-23 12:29:51.478,,,tracker_pedometer_reward_target_achieved,UTC-0300,"{""mTarget"":6000,""mValue"":6356}",87RAVxanZM,com.sec.android.app.shealth,tracker.pedometer,2021-03-13 03:00:00.000,de358926-f8ad-4e82-bb8a-c2b6788088f2,1,
,2021-05-01 03:00:00.000,,2199999,,2022-04-23 12:29:51.478,2022-04-23 12:29:51.478,,,tracker_pedometer_reward_target_achieved,UTC-0300,"{""mTarget"":6000,""mValue"":7119}",87RAVxanZM,com.sec.android.app.shealth,tracker.pedometer,2021-05-01 03:00:00.000,febcb76a-0dd5-4c89-8c96-287e6957ec01,1,
,2021-05-08 03:00:00.000,,2199999,,2022-04-23 12:29:51.479,2022-04-23 12:29:51.479,,,tracker_pedometer_reward_target_achieved,UTC-0300,"{""mTarget"":6000,""mValue"":7837}",87RAVxanZM,com.sec.android.app.shealth,tracker.pedometer,2021-05-08 03:00:00.000,1055a1f7-5ac2-44a9-8746-313894d4f546,1,
,2021-05-15 03:00:00.000,,2199999,,2022-04-23 12:29:51.479,2022-04-23 12:29:51.479,,,tracker_pedometer_reward_target_achieved,UTC-0300,"{""mTarget"":6000,""mValue"":10257}",87RAVxanZM,com.sec.android.app.shealth,tracker.pedometer,2021-05-15 03:00:00.000,d7274357-95f4-4209-9ea7-ee448c3b1171,1,
,2021-05-22 03:00:00.000,,2199999,,2022-04-23 12:29:51.479,2022-04-23 12:29:51.479,,,tracker_pedometer_reward_target_achieved,UTC-0300,"{""mTarget"":6000,""mValue"":7999}",87RAVxanZM,com.sec.android.app.shealth,tracker.pedometer,2021-05-22 03:00:00.000,1c3be2ea-6e84-4e85-be74-57aa498116d7,1,
,2021-06-04 03:00:00.000,,2199999,,2022-04-23 12:29:51.479,2022-04-23 12:29:51.479,,,tracker_pedometer_reward_target_achieved,UTC-0300,"{""mTarget"":6000,""mValue"":6722}",87RAVxanZM,com.sec.android.app.shealth,tracker.pedometer,2021-06-04 03:00:00.000,320be89c-9e79-4be9-85d2-384b8ebcbe32,1,
,2021-06-05 03:00:00.000,,2199999,,2022-04-23 12:29:51.480,2022-04-23 12:29:51.480,,,tracker_pedometer_reward_target_achieved,UTC-0300,"{""mTarget"":6000,""mValue"":6430}",87RAVxanZM,com.sec.android.app.shealth,tracker.pedometer,2021-06-05 03:00:00.000,ee88c524-2002-484a-b48a-4f1a61f84700,1,
,2021-06-08 03:00:00.000,,2199999,,2022-04-23 12:29:51.480,2022-04-23 12:29:51.480,,,tracker_pedometer_reward_target_achieved,UTC-0300,"{""mTarget"":6000,""mValue"":6573}",87RAVxanZM,com.sec.android.app.shealth,tracker.pedometer,2021-06-08 03:00:00.000,6991a71b-b37a-4d0f-9214-8834cae562c7,1,
,2021-06-26 03:00:00.000,,2199999,,2022-04-23 12:29:51.480,2022-04-23 12:29:51.480,,,tracker_pedometer_reward_target_achieved,UTC-0300,"{""mTarget"":6000,""mValue"":7622}",87RAVxanZM,com.sec.android.app.shealth,tracker.pedometer,2021-06-26 03:00:00.000,6e4ec6fe-bf0c-4c8c-baf2-a00bd45e9a04,1,
,2021-07-03 03:00:00.000,,2199999,,2022-04-23 12:29:51.481,2022-04-23 12:29:51.481,,,tracker_pedometer_reward_target_achieved,UTC-0300,"{""mTarget"":6000,""mValue"":6522}",87RAVxanZM,com.sec.android.app.shealth,tracker.pedometer,2021-07-03 03:00:00.000,8f674e6a-2e36-44fd-a9a0-4997d0b5c510,1,
,2021-07-31 03:00:00.000,,2199999,,2022-04-23 12:29:51.481,2022-04-23 12:29:51.481,,,tracker_pedometer_reward_target_achieved,UTC-0300,"{""mTarget"":6000,""mValue"":7427}",87RAVxanZM,com.sec.android.app.shealth,tracker.pedometer,2021-07-31 03:00:00.000,0d73d03b-6cb6-4b01-aeac-73a2b02b03f9,1,
,2021-08-22 03:00:00.000,,2199999,,2022-04-23 12:29:51.481,2022-04-23 12:29:51.481,,,tracker_pedometer_reward_target_achieved,UTC-0300,"{""mTarget"":6000,""mValue"":6178}",87RAVxanZM,com.sec.android.app.shealth,tracker.pedometer,2021-08-22 03:00:00.000,ad905677-c02a-4e37-8faf-469724050952,1,
,2021-09-04 03:00:00.000,,2199999,,2022-04-23 12:29:51.482,2022-04-23 12:29:51.482,,,tracker_pedometer_reward_target_achieved,UTC-0300,"{""mTarget"":6000,""mValue"":8889}",87RAVxanZM,com.sec.android.app.shealth,tracker.pedometer,2021-09-04 03:00:00.000,18ec5e11-8e38-4ea9-9266-169b77f60e2e,1,
,2021-09-07 03:00:00.000,,2199999,,2022-04-23 12:29:51.482,2022-04-23 12:29:51.482,,,tracker_pedometer_reward_target_achieved,UTC-0300,"{""mTarget"":6000,""mValue"":6041}",87RAVxanZM,com.sec.android.app.shealth,tracker.pedometer,2021-09-07 03:00:00.000,b2a42aa7-b567-4f3d-87a1-aabfec925548,1,
,2021-09-18 03:00:00.000,,2199999,,2022-04-23 12:29:51.482,2022-04-23 12:29:51.482,,,tracker_pedometer_reward_target_achieved,UTC-0300,"{""mTarget"":6000,""mValue"":7608}",87RAVxanZM,com.sec.android.app.shealth,tracker.pedometer,2021-09-18 03:00:00.000,1f1d0755-6f5e-4ec6-8888-29139e209bde,1,
,2021-09-25 03:00:00.000,,2199999,,2022-04-23 12:29:51.482,2022-04-23 12:29:51.482,,,tracker_pedometer_reward_target_achieved,UTC-0300,"{""mTarget"":6000,""mValue"":7549}",87RAVxanZM,com.sec.android.app.shealth,tracker.pedometer,2021-09-25 03:00:00.000,04010ed9-3d92-45d6-a078-8d650a0349c2,1,
,2021-10-30 03:00:00.000,,2199999,,2022-04-23 12:29:51.483,2022-04-23 12:29:51.483,,,tracker_pedometer_reward_target_achieved,UTC-0300,"{""mTarget"":6000,""mValue"":8842}",87RAVxanZM,com.sec.android.app.shealth,tracker.pedometer,2021-10-30 03:00:00.000,523c7ed1-7d1c-4aed-a35c-b7bffef7a494,1,
,2021-05-15 03:00:00.000,,2199999,,2022-04-23 12:29:51.483,2022-04-23 12:29:51.483,,,tracker_pedometer_reward_most_walking_day,UTC-0300,"{""mTarget"":-1,""mValue"":10257}",87RAVxanZM,com.sec.android.app.shealth,tracker.pedometer,2021-05-15 03:00:00.000,06559a34-fc5b-4b8f-a58f-f86c2b604cef,1,
,2021-05-15 03:00:00.000,,2199999,,2022-04-23 12:29:51.483,2022-04-23 12:29:51.483,,,tracker_pedometer_reward_most_walking_day,UTC-0300,"{""mTarget"":-1,""mValue"":10257}",87RAVxanZM,com.sec.android.app.shealth,tracker.pedometer,2021-05-15 03:00:00.000,6bec6f9a-7bdc-4e91-ad37-20b886ba73f4,1,
,2021-01-09 03:00:00.000,,100003,,2022-04-23 12:29:56.736,2022-04-23 12:29:56.736,,,tracker_pedometer_reward_target_achieved,UTC-0300,"{""mTarget"":6000,""mValue"":6490}",87RAVxanZM,com.sec.android.app.shealth,tracker.pedometer,2021-01-09 03:00:00.000,4896d40a-490b-416b-8b7e-93f634db5903,1,
,2021-02-14 03:00:00.000,,100003,,2022-04-23 12:29:56.737,2022-04-23 12:29:56.737,,,tracker_pedometer_reward_target_achieved,UTC-0300,"{""mTarget"":6000,""mValue"":6686}",87RAVxanZM,com.sec.android.app.shealth,tracker.pedometer,2021-02-14 03:00:00.000,1d3de753-b3f1-4402-bf38-7b24ca475232,1,
,2021-03-13 03:00:00.000,,100003,,2022-04-23 12:29:56.738,2022-04-23 12:29:56.738,,,tracker_pedometer_reward_target_achieved,UTC-0300,"{""mTarget"":6000,""mValue"":6356}",87RAVxanZM,com.sec.android.app.shealth,tracker.pedometer,2021-03-13 03:00:00.000,674cdf3b-86ba-4d83-8f22-bcaae1719a03,1,
,2021-05-01 03:00:00.000,,100003,,2022-04-23 12:29:56.738,2022-04-23 12:29:56.738,,,tracker_pedometer_reward_target_achieved,UTC-0300,"{""mTarget"":6000,""mValue"":7119}",87RAVxanZM,com.sec.android.app.shealth,tracker.pedometer,2021-05-01 03:00:00.000,d770cb07-deb6-40f0-ba6b-69b59fc0a0a3,1,
,2021-05-08 03:00:00.000,,100003,,2022-04-23 12:29:56.739,2022-04-23 12:29:56.739,,,tracker_pedometer_reward_target_achieved,UTC-0300,"{""mTarget"":6000,""mValue"":7837}",87RAVxanZM,com.sec.android.app.shealth,tracker.pedometer,2021-05-08 03:00:00.000,50e2e53a-838c-4f2b-a6e4-b49add1bb3b1,1,
,2021-05-15 03:00:00.000,,100003,,2022-04-23 12:29:56.739,2022-04-23 12:29:56.739,,,tracker_pedometer_reward_most_walking_day,UTC-0300,"{""mTarget"":-1,""mValue"":10257}",87RAVxanZM,com.sec.android.app.shealth,tracker.pedometer,2021-05-15 03:00:00.000,d0ca6c32-2312-4c73-824c-e70a648b71ca,1,
,2021-05-15 03:00:00.000,,100003,,2022-04-23 12:29:56.739,2022-04-23 12:29:56.739,,,tracker_pedometer_reward_target_achieved,UTC-0300,"{""mTarget"":6000,""mValue"":10257}",87RAVxanZM,com.sec.android.app.shealth,tracker.pedometer,2021-05-15 03:00:00.000,8257c1a8-a4c0-4ce1-bc4e-cd88a253d79b,1,
,2021-05-22 03:00:00.000,,100003,,2022-04-23 12:29:56.740,2022-04-23 12:29:56.740,,,tracker_pedometer_reward_target_achieved,UTC-0300,"{""mTarget"":6000,""mValue"":7999}",87RAVxanZM,com.sec.android.app.shealth,tracker.pedometer,2021-05-22 03:00:00.000,12d31f7b-7d25-4e86-bc91-ff19dde5d4a2,1,
,2021-06-04 03:00:00.000,,100003,,2022-04-23 12:29:56.741,2022-04-23 12:29:56.741,,,tracker_pedometer_reward_target_achieved,UTC-0300,"{""mTarget"":6000,""mValue"":6722}",87RAVxanZM,com.sec.android.app.shealth,tracker.pedometer,2021-06-04 03:00:00.000,ef16d96e-c18d-405d-8889-df27ed2d87ef,1,
,2021-06-05 03:00:00.000,,100003,,2022-04-23 12:29:56.741,2022-04-23 12:29:56.741,,,tracker_pedometer_reward_target_achieved,UTC-0300,"{""mTarget"":6000,""mValue"":6430}",87RAVxanZM,com.sec.android.app.shealth,tracker.pedometer,2021-06-05 03:00:00.000,ceebee71-e0ce-4bf5-b40e-f07d022f088f,1,
,2021-06-08 03:00:00.000,,100003,,2022-04-23 12:29:56.741,2022-04-23 12:29:56.741,,,tracker_pedometer_reward_target_achieved,UTC-0300,"{""mTarget"":6000,""mValue"":6573}",87RAVxanZM,com.sec.android.app.shealth,tracker.pedometer,2021-06-08 03:00:00.000,e7c455ee-9cdd-4776-af96-bf612434ffed,1,
,2021-06-26 03:00:00.000,,100003,,2022-04-23 12:29:56.742,2022-04-23 12:29:56.742,,,tracker_pedometer_reward_target_achieved,UTC-0300,"{""mTarget"":6000,""mValue"":7622}",87RAVxanZM,com.sec.android.app.shealth,tracker.pedometer,2021-06-26 03:00:00.000,52b8cef2-2de6-45a8-b30d-a54d3569cf34,1,
,2021-07-03 03:00:00.000,,100003,,2022-04-23 12:29:56.742,2022-04-23 12:29:56.742,,,tracker_pedometer_reward_target_achieved,UTC-0300,"{""mTarget"":6000,""mValue"":6522}",87RAVxanZM,com.sec.android.app.shealth,tracker.pedometer,2021-07-03 03:00:00.000,e716eb1a-df27-4e6d-b095-397316db587b,1,
,2021-07-31 03:00:00.000,,100003,,2022-04-23 12:29:56.742,2022-04-23 12:29:56.742,,,tracker_pedometer_reward_target_achieved,UTC-0300,"{""mTarget"":6000,""mValue"":7427}",87RAVxanZM,com.sec.android.app.shealth,tracker.pedometer,2021-07-31 03:00:00.000,3b86e73b-c953-46fa-aac7-28e6ba5ba769,1,
,2021-08-22 03:00:00.000,,100003,,2022-04-23 12:29:56.743,2022-04-23 12:29:56.743,,,tracker_pedometer_reward_target_achieved,UTC-0300,"{""mTarget"":6000,""mValue"":6178}",87RAVxanZM,com.sec.android.app.shealth,tracker.pedometer,2021-08-22 03:00:00.000,2fac78a9-cfe5-415d-8261-8ae0377dc744,1,
,2021-09-04 03:00:00.000,,100003,,2022-04-23 12:29:56.743,2022-04-23 12:29:56.743,,,tracker_pedometer_reward_target_achieved,UTC-0300,"{""mTarget"":6000,""mValue"":8889}",87RAVxanZM,com.sec.android.app.shealth,tracker.pedometer,2021-09-04 03:00:00.000,95980722-62bf-4f8d-b0cc-ecb36dffe345,1,
,2021-09-07 03:00:00.000,,100003,,2022-04-23 12:29:56.744,2022-04-23 12:29:56.744,,,tracker_pedometer_reward_target_achieved,UTC-0300,"{""mTarget"":6000,""mValue"":6041}",87RAVxanZM,com.sec.android.app.shealth,tracker.pedometer,2021-09-07 03:00:00.000,b9e86b58-811a-43d5-8903-49dc14a0c76f,1,
,2021-09-18 03:00:00.000,,100003,,2022-04-23 12:29:56.744,2022-04-23 12:29:56.744,,,tracker_pedometer_reward_target_achieved,UTC-0300,"{""mTarget"":6000,""mValue"":7608}",87RAVxanZM,com.sec.android.app.shealth,tracker.pedometer,2021-09-18 03:00:00.000,6c5d201d-5fd6-4579-ab9b-eba163acc8f0,1,
,2021-09-25 03:00:00.000,,100003,,2022-04-23 12:29:56.744,2022-04-23 12:29:56.744,,,tracker_pedometer_reward_target_achieved,UTC-0300,"{""mTarget"":6000,""mValue"":7549}",87RAVxanZM,com.sec.android.app.shealth,tracker.pedometer,2021-09-25 03:00:00.000,17ec3568-74dd-4c5d-a531-e276922af91c,1,
,2021-10-30 03:00:00.000,,100003,,2022-04-23 12:29:56.745,2022-04-23 12:29:56.745,,,tracker_pedometer_reward_target_achieved,UTC-0300,"{""mTarget"":6000,""mValue"":8842}",87RAVxanZM,com.sec.android.app.shealth,tracker.pedometer,2021-10-30 03:00:00.000,a56e70be-f178-4b73-871e-df531e124df2,1,
,2021-05-15 03:00:00.000,,100003,,2022-04-23 12:29:56.745,2022-04-23 12:29:56.745,,,tracker_pedometer_reward_most_walking_day,UTC-0300,"{""mTarget"":-1,""mValue"":10257}",87RAVxanZM,com.sec.android.app.shealth,tracker.pedometer,2021-05-15 03:00:00.000,923c219c-86da-4e26-a30f-06c016675f5e,1,
,2022-07-25 03:00:00.000,,100003,,2022-08-17 22:31:08.782,2022-07-25 22:24:37.889,,,tracker_pedometer_reward_target_achieved,UTC-0300,"{""mTarget"":6000,""mValue"":6411}",87RAVxanZM,com.sec.android.app.shealth,tracker.pedometer,2022-07-25 03:00:00.000,1ef506d6-d013-4f16-8bb2-47e61d2aea7d,1,
,2022-07-25 03:00:00.000,,2199999,,2022-07-31 03:05:27.673,2022-07-26 04:48:23.201,,,tracker_pedometer_reward_target_achieved,UTC-0300,"{""mTarget"":6000,""mValue"":6411}",87RAVxanZM,com.sec.android.app.shealth,tracker.pedometer,2022-07-25 03:00:00.000,24d027f0-40e9-4bb2-b199-c55b5494d387,1,
,2022-07-26 03:00:00.000,,100003,,2022-08-17 22:31:08.639,2022-07-26 23:03:34.212,,,tracker_pedometer_reward_target_achieved,UTC-0300,"{""mTarget"":6000,""mValue"":6276}",87RAVxanZM,com.sec.android.app.shealth,tracker.pedometer,2022-07-26 03:00:00.000,16094614-54d9-4ac0-b32f-cc7b49ecedc7,1,
,2022-07-26 03:00:00.000,,2199999,,2022-08-01 03:00:06.354,2022-07-27 03:00:03.773,,,tracker_pedometer_reward_target_achieved,UTC-0300,"{""mTarget"":6000,""mValue"":6276}",87RAVxanZM,com.sec.android.app.shealth,tracker.pedometer,2022-07-26 03:00:00.000,a2fe31fd-c91f-43c6-a07b-620202b83935,1,
1203,,0,,cf2d8e01-a31e-4893-8848-13d197fcd16d,2022-08-11 22:43:11.824,2022-08-11 22:43:11.824,,,1203,UTC-0300,3924371,87RAVxanZM,com.sec.android.app.shealth,sport.tracker.best.record.duration.lifetime,2022-08-11 22:43:11.247,b21d3593-850b-4268-bf6a-4ac17967af3c,1,
1205,,0,,cf2d8e01-a31e-4893-8848-13d197fcd16d,2022-08-11 22:43:11.839,2022-08-11 22:43:11.839,,,1205,UTC-0300,520.0,87RAVxanZM,com.sec.android.app.shealth,sport.tracker.best.record.calories.lifetime,2022-08-11 22:43:11.247,07c13c83-9e9d-48a1-9704-f561eed94312,1,
,2023-02-07 03:00:00.000,,100003,,2023-02-16 13:36:56.540,2023-02-08 11:59:06.252,,,tracker_pedometer_reward_target_achieved,UTC-0300,"{""mTarget"":6000,""mValue"":6271}",87RAVxanZM,com.sec.android.app.shealth,tracker.pedometer,2023-02-07 03:00:00.000,aa0c030d-9559-44eb-8d20-8c816bf49026,1,
,2023-02-07 03:00:00.000,,2199999,,2023-02-13 03:40:48.076,2023-02-09 04:38:37.180,,,tracker_pedometer_reward_target_achieved,UTC-0300,"{""mTarget"":6000,""mValue"":6271}",87RAVxanZM,com.sec.android.app.shealth,tracker.pedometer,2023-02-07 03:00:00.000,826e1356-4491-42cd-a0e5-a186ec1e3c04,1,
,2023-05-19 03:00:00.000,,100003,,2023-06-13 21:29:53.640,2023-05-19 21:34:14.277,,,tracker_pedometer_reward_target_achieved,UTC-0300,"{""mTarget"":6000,""mValue"":10912}",87RAVxanZM,com.sec.android.app.shealth,tracker.pedometer,2023-05-19 03:00:00.000,abf17e06-149a-4998-9ee5-aa9b73e042db,1,
,2023-05-19 03:00:00.000,,100003,,2023-05-21 03:00:02.672,2023-05-19 22:26:34.085,,,tracker_pedometer_reward_most_walking_day,UTC-0300,"{""mTarget"":-1,""mValue"":10912}",87RAVxanZM,com.sec.android.app.shealth,tracker.pedometer,2023-05-19 03:00:00.000,eece6c51-03d8-4b29-98cb-ef8790821fb9,1,
,2023-05-19 03:00:00.000,,2199999,,2023-05-25 04:26:22.628,2023-05-20 04:47:14.969,,,tracker_pedometer_reward_target_achieved,UTC-0300,"{""mTarget"":6000,""mValue"":10912}",87RAVxanZM,com.sec.android.app.shealth,tracker.pedometer,2023-05-19 03:00:00.000,b392d14a-689c-470f-bb3d-bb261f8d65ec,1,
,2023-05-19 03:00:00.000,,2199999,,2023-05-21 03:00:03.085,2023-05-20 04:47:14.994,,,tracker_pedometer_reward_most_walking_day,UTC-0300,"{""mTarget"":-1,""mValue"":10912}",87RAVxanZM,com.sec.android.app.shealth,tracker.pedometer,2023-05-19 03:00:00.000,cbf632d0-60db-47ef-9b81-277f4e403cf2,1,
,2023-06-18 03:00:00.000,,100003,,2023-07-11 21:43:31.222,2023-06-18 20:32:24.316,,,tracker_pedometer_reward_target_achieved,UTC-0300,"{""mTarget"":6000,""mValue"":7839}",87RAVxanZM,com.sec.android.app.shealth,tracker.pedometer,2023-06-18 03:00:00.000,cff3fd7e-0225-4705-bf8f-7976c52d2c59,1,
,2023-06-18 03:00:00.000,,2199999,,2023-06-24 03:04:03.752,2023-06-19 03:00:03.936,,,tracker_pedometer_reward_target_achieved,UTC-0300,"{""mTarget"":6000,""mValue"":7839}",87RAVxanZM,com.sec.android.app.shealth,tracker.pedometer,2023-06-18 03:00:00.000,201908af-690c-45ec-a295-92821ade2dfd,1,
